rank,avg_ev,pred_ev,,
1,102.73,95.81,,
2,83.23,82.34,,
3,72.43,74.46,,
4,71.45,68.87,,
5,66.49,64.53,,
6,60.27,60.99,,
7,55.24,58,,
8,49.75,55.4,,
9,50.87,53.11,,
10,46.86,51.06,,
11,50.14,49.21,,
12,47.03,47.52,,
13,43.47,45.96,,
14,42.83,44.52,,
15,42.85,43.18,,
16,44.57,41.93,,
17,43.12,40.75,,
18,39.03,39.64,,
19,39.15,38.59,,
20,33.66,37.59,,
21,33.45,36.64,,
22,28.52,35.74,,
23,30.45,34.88,,
24,27.79,34.05,,
25,28.77,33.26,,
26,29.14,32.49,,
27,31.07,31.76,,
28,31.34,30.9,,
29,37.86,30.07,,
30,37.32,29.27,,
31,39.38,28.5,,
32,40.75,27.77,,
33,42.31,27.07,,
34,38.84,26.41,,
35,41.08,25.78,,
36,35.64,25.19,,
37,34.48,24.64,,
38,31.03,24.22,,
39,29.57,23.82,,
40,26.97,23.43,,
41,29.08,23.06,,
42,27.41,22.7,,
43,24.63,22.35,,
44,22.96,22.02,,
45,24,21.7,,
46,23.65,21.4,,
47,26.34,21.1,,
48,25.75,20.81,,
49,23.87,20.54,,
50,28.07,20.27,,
51,25.37,20.01,,
52,22.39,19.76,,
53,23.02,19.52,,
54,22.61,19.28,,
55,21.55,19.05,,
56,22.12,18.83,,
57,23.53,18.62,,
58,23.16,18.41,,
59,20.93,18.21,,
60,21.58,18.01,,
61,16.58,17.82,,
62,16.07,17.63,,
63,16.82,17.45,,
64,16.47,17.27,,
65,16.59,17.1,,
66,16.69,16.93,,
67,13.85,16.76,,
68,10.68,16.6,,
69,10.67,16.45,,
70,11,16.29,,
71,11.87,16.15,,
72,11.96,16,,
73,11.29,15.86,,
74,11.66,15.72,,
75,11.62,15.58,,
76,11.09,15.45,,
77,11.68,15.32,,
78,13.2,15.19,,
79,12.69,15.06,,
80,10.78,14.94,,
81,10.76,14.82,,
82,9.29,14.7,,
83,9.1,14.59,,
84,8.88,14.48,,
85,7.75,14.37,,
86,5.83,14.26,,
87,8.38,14.15,,
88,8.94,14.05,,
89,8.18,13.94,,
90,8.35,13.84,,
91,9.01,13.74,,
92,8.75,13.65,,
93,12.68,13.55,,
94,13.92,13.46,,
95,14.19,13.37,,
96,14.72,13.27,,
97,15.48,13.19,,
98,13.89,13.1,,
99,12.59,13.01,,
100,12.58,12.93,,
101,12.63,12.84,,
102,11.62,12.76,,
103,11.56,12.68,,
104,7.72,12.6,,
105,8.13,12.52,,
106,10.68,12.45,,
107,10.78,12.37,,
108,10.53,12.3,,
109,9.84,12.22,,
110,10.71,12.15,,
111,11.39,12.08,,
112,13.98,12.01,,
113,16.57,11.94,,
114,16.41,11.87,,
115,16.4,11.81,,
116,18.79,11.74,,
117,18.03,11.68,,
118,18.33,11.61,,
119,17.99,11.55,,
120,18.55,11.49,,
121,18.13,11.42,,
122,16.97,11.36,,
123,16.44,11.3,,
124,14.06,11.24,,
125,14.35,11.18,,
126,14.88,11.13,,
127,12.03,11.07,,
128,10.16,11.01,,
129,9.19,10.96,,
130,9.65,10.9,,
131,8.71,10.85,,
132,12,10.8,,
133,12.6,10.74,,
134,10.69,10.69,,
135,10.76,10.64,,
136,10.69,10.59,,
137,11.44,10.54,,
138,12.35,10.49,,
139,12.6,10.44,,
140,12.7,10.39,,
141,12.17,10.34,,
142,12.21,10.3,,
143,8.84,10.25,,
144,7.79,10.2,,
145,7.54,10.16,,
146,9.08,10.11,,
147,12.31,10.07,,
148,10.8,10.02,,
149,8.6,9.98,,
150,8.31,9.94,,
151,10.44,9.89,,
152,12.98,9.85,,
153,12.49,9.81,,
154,15.34,9.77,,
155,18.89,9.73,,
156,20.55,9.69,,
157,19.2,9.65,,
158,15.84,9.61,,
159,15.58,9.57,,
160,15.91,9.53,,
161,18.14,9.49,,
162,15.59,9.45,,
163,12.98,9.42,,
164,13.58,9.38,,
165,10.36,9.34,,
166,7.19,9.3,,
167,5.8,9.27,,
168,5.61,9.23,,
169,5.51,9.2,,
170,5.82,9.16,,
171,6.97,9.13,,
172,4.98,9.09,,
173,5.52,9.06,,
174,5.27,9.02,,
175,7.1,8.99,,
176,7.33,8.96,,
177,7.19,8.93,,
178,6.89,8.89,,
179,9,8.86,,
180,9.78,8.83,,
181,9.74,8.8,,
182,9.95,8.77,,
183,9.81,8.73,,
184,9.39,8.7,,
185,9.73,8.67,,
186,7.35,8.64,,
187,7.09,8.61,,
188,7.19,8.58,,
189,7.18,8.55,,
190,4.81,8.52,,
191,4.6,8.49,,
192,4.7,8.47,,
193,3.07,8.44,,
194,4.06,8.41,,
195,6.76,8.38,,
196,7.2,8.35,,
197,7.94,8.33,,
198,8.18,8.3,,
199,7.94,8.27,,
200,8.09,8.24,,
201,8.77,8.22,,
202,8.3,8.19,,
203,8.21,8.17,,
204,8.17,8.14,,
205,7.46,8.11,,
206,4.85,8.09,,
207,4.31,8.06,,
208,4.48,8.04,,
209,3.96,8.01,,
210,5.01,7.99,,
211,5.28,7.96,,
212,6.48,7.94,,
213,6.43,7.91,,
214,6.64,7.89,,
215,7.35,7.87,,
216,8.44,7.84,,
217,8.68,7.82,,
218,8.85,7.8,,
219,10.38,7.77,,
220,11.22,7.75,,
221,11.75,7.73,,
222,11.64,7.7,,
223,11.37,7.68,,
224,12.49,7.66,,
225,13.93,7.64,,
226,13.3,7.62,,
227,14.26,7.59,,
228,13.7,7.57,,
229,13.69,7.55,,
230,11.62,7.53,,
231,12.07,7.51,,
232,10.9,7.49,,
233,11.21,7.47,,
234,9.61,7.45,,
235,8.52,7.43,,
236,6.78,7.41,,
237,6.12,7.38,,
238,5.26,7.36,,
239,5.34,7.34,,
240,5.05,7.32,,
241,5.39,7.31,,
242,4.07,7.29,,
243,3.61,7.27,,
244,3.12,7.25,,
245,4.77,7.23,,
246,5.16,7.21,,
247,5.15,7.19,,
248,5.87,7.17,,
249,4.15,7.15,,
250,4.41,7.13,,
251,4.84,7.11,,
252,4.63,7.1,,
253,5.36,7.08,,
254,6.87,7.06,,
255,7.04,7.04,,
256,6.84,7.02,,
257,6.46,7.01,,
258,6.51,6.99,,
259,6.19,6.97,,
260,6.21,6.95,,
261,6.05,6.94,,
262,5.85,6.92,,
263,5.76,6.9,,
264,6.24,6.89,,
265,5.82,6.87,,
266,5.95,6.85,,
267,5.41,6.84,,
268,5.94,6.82,,
269,5.65,6.8,,
270,7.97,6.79,,
271,9.99,6.77,,
272,10.48,6.75,,
273,10.39,6.74,,
274,10.04,6.72,,
275,10.33,6.71,,
276,9.36,6.69,,
277,9.27,6.67,,
278,9.92,6.66,,
279,10.49,6.64,,
280,10.49,6.63,,
281,8.2,6.61,,
282,6.45,6.6,,
283,6.11,6.58,,
284,7.07,6.57,,
285,9.06,6.55,,
286,7.91,6.54,,
287,8.07,6.52,,
288,8.08,6.51,,
289,7.88,6.49,,
290,6.68,6.48,,
291,9.53,6.45,,
292,9.53,6.42,,
293,9.11,6.4,,
294,9.44,6.37,,
295,8.76,6.34,,
296,7.68,6.32,,
297,7.94,6.29,,
298,8.38,6.27,,
299,8.99,6.24,,
300,8.36,6.22,,
301,10.26,6.19,,
302,7.81,6.17,,
303,8.79,6.14,,
304,9.03,6.12,,
305,11.71,6.1,,
306,12.16,6.07,,
307,10.46,6.05,,
308,10.52,6.02,,
309,10,6,,
310,10.29,5.98,,
311,9.54,5.97,,
312,7.58,5.95,,
313,7.65,5.94,,
314,6.62,5.93,,
315,6.67,5.92,,
316,3.92,5.91,,
317,3.38,5.9,,
318,5.13,5.88,,
319,4.37,5.87,,
320,4.32,5.86,,
321,3.21,5.85,,
322,3.91,5.84,,
323,4.41,5.83,,
324,4.36,5.82,,
325,4.75,5.8,,
326,5.24,5.79,,
327,5.42,5.78,,
328,5.29,5.77,,
329,5.1,5.76,,
330,5.04,5.75,,
331,5.45,5.74,,
332,6.98,5.72,,
333,6.32,5.71,,
334,5.97,5.7,,
335,6.17,5.69,,
336,5.86,5.68,,
337,5.58,5.67,,
338,6.14,5.66,,
339,7.54,5.65,,
340,6.13,5.64,,
341,6.61,5.62,,
342,6.24,5.61,,
343,6.64,5.6,,
344,6.71,5.59,,
345,6.82,5.58,,
346,6.93,5.57,,
347,6.96,5.56,,
348,8.33,5.55,,
349,8.17,5.54,,
350,6.45,5.53,,
351,7.09,5.51,,
352,6.75,5.5,,
353,7.03,5.49,,
354,5.33,5.48,,
355,5.18,5.47,,
356,6.53,5.46,,
357,8.04,5.45,,
358,7.79,5.44,,
359,6.44,5.43,,
360,6.44,5.42,,
361,6.6,5.41,,
362,6.2,5.4,,
363,6.44,5.39,,
364,6.21,5.38,,
365,5.75,5.37,,
366,5.54,5.35,,
367,3.94,5.34,,
368,2.44,5.33,,
369,2.55,5.32,,
370,2.57,5.31,,
371,2.13,5.3,,
372,2.3,5.29,,
373,2.02,5.28,,
374,4.08,5.27,,
375,4.88,5.26,,
376,4.75,5.25,,
377,5.25,5.24,,
378,6,5.23,,
379,6.35,5.22,,
380,6.69,5.21,,
381,8.71,5.2,,
382,9.02,5.19,,
383,8.38,5.18,,
384,9.03,5.17,,
385,6.5,5.16,,
386,5.59,5.15,,
387,5.79,5.14,,
388,6.18,5.13,,
389,5.95,5.12,,
390,5.52,5.11,,
391,6,5.1,,
392,4.66,5.09,,
393,4.74,5.08,,
394,4.86,5.07,,
395,5.64,5.06,,
396,5.28,5.05,,
397,4.58,5.04,,
398,5.58,5.03,,
399,4.92,5.02,,
400,4.8,5.01,,
401,4.97,5,,
402,6.09,4.99,,
403,5.93,4.98,,
404,6.84,4.97,,
405,6.87,4.96,,
406,6.3,4.95,,
407,6.18,4.94,,
408,7.54,4.93,,
409,6.38,4.92,,
410,7.5,4.91,,
411,7.05,4.9,,
412,7.04,4.89,,
413,6.97,4.88,,
414,6.6,4.87,,
415,5.24,4.86,,
416,6.5,4.85,,
417,5.93,4.84,,
418,6.62,4.83,,
419,6.44,4.82,,
420,6.74,4.81,,
421,6.28,4.81,,
422,6.78,4.8,,
423,6.94,4.79,,
424,5.1,4.78,,
425,6.41,4.77,,
426,6.34,4.76,,
427,4.42,4.75,,
428,5.83,4.74,,
429,5.47,4.73,,
430,5.46,4.72,,
431,4.84,4.71,,
432,4.31,4.7,,
433,4.49,4.69,,
434,4.3,4.68,,
435,4.9,4.67,,
436,3.26,4.67,,
437,3.42,4.66,,
438,3.44,4.65,,
439,3.34,4.64,,
440,3.29,4.63,,
441,3.56,4.62,,
442,3.51,4.61,,
443,4.49,4.6,,
444,4.46,4.59,,
445,6.27,4.58,,
446,5.49,4.57,,
447,7.28,4.57,,
448,8.15,4.56,,
449,7.96,4.55,,
450,7.14,4.54,,
451,6.99,4.53,,
452,6.84,4.52,,
453,6.68,4.51,,
454,5.61,4.5,,
455,4.96,4.49,,
456,2.74,4.49,,
457,2.98,4.48,,
458,2.14,4.47,,
459,1.71,4.46,,
460,1.97,4.45,,
461,2.3,4.44,,
462,3.73,4.43,,
463,3.49,4.42,,
464,3.71,4.42,,
465,3.77,4.41,,
466,5.24,4.4,,
467,4.85,4.39,,
468,4.7,4.38,,
469,5.86,4.37,,
470,5.72,4.36,,
471,5.4,4.36,,
472,5,4.35,,
473,4.1,4.34,,
474,4.54,4.33,,
475,4.67,4.32,,
476,5.09,4.31,,
477,4.75,4.3,,
478,5.17,4.3,,
479,5.61,4.29,,
480,4.38,4.28,,
481,4.25,4.27,,
482,4.48,4.26,,
483,4.62,4.25,,
484,4.46,4.25,,
485,4.71,4.24,,
486,4.86,4.23,,
487,4.5,4.22,,
488,3.53,4.21,,
489,2.53,4.2,,
490,2.27,4.2,,
491,2.7,4.19,,
492,2.38,4.18,,
493,2.25,4.17,,
494,3.04,4.16,,
495,3.23,4.15,,
496,3,4.15,,
497,4,4.14,,
498,3.93,4.13,,
499,3.5,4.12,,
500,3.85,4.11,,
501,3.58,4.11,,
502,4.84,4.1,,
503,5.18,4.09,,
504,4.81,4.08,,
505,4.79,4.07,,
506,4.89,4.07,,
507,4.92,4.06,,
508,3.52,4.05,,
509,3.86,4.04,,
510,4.91,4.03,,
511,5.31,4.03,,
512,6.01,4.02,,
513,4.9,4.01,,
514,4.9,4,,
515,5.26,3.99,,
516,4.25,3.99,,
517,4.14,3.98,,
518,4.21,3.97,,
519,4.34,3.96,,
520,4.39,3.96,,
521,3.06,3.95,,
522,2.41,3.94,,
523,2.53,3.93,,
524,2.44,3.92,,
525,2.31,3.92,,
526,2.55,3.91,,
527,2.7,3.9,,
528,2.52,3.89,,
529,2.45,3.89,,
530,2.18,3.88,,
531,2.2,3.87,,
532,2.39,3.86,,
533,2.61,3.86,,
534,0.9,3.85,,
535,0.92,3.84,,
536,3.71,3.83,,
537,3.01,3.83,,
538,4.25,3.82,,
539,4.75,3.81,,
540,4.75,3.8,,
541,4.92,3.8,,
542,5.07,3.79,,
543,5.62,3.78,,
544,5.32,3.77,,
545,7.22,3.77,,
546,7.5,3.76,,
547,5.29,3.75,,
548,6.26,3.74,,
549,3.31,3.74,,
550,4.58,3.73,,
551,4.7,3.72,,
552,4.7,3.71,,
553,4.29,3.71,,
554,4.1,3.7,,
555,4.1,3.69,,
556,2.5,3.68,,
557,3.2,3.68,,
558,3.59,3.67,,
559,6.58,3.66,,
560,7.46,3.66,,
561,6.8,3.65,,
562,6.6,3.64,,
563,6.75,3.63,,
564,6.97,3.63,,
565,7.34,3.62,,
566,7.21,3.61,,
567,7.64,3.61,,
568,6.52,3.6,,
569,6.56,3.59,,
570,2.49,3.58,,
571,2.43,3.58,,
572,2.46,3.57,,
573,2.31,3.56,,
574,1.88,3.56,,
575,4.1,3.55,,
576,3.64,3.54,,
577,3.79,3.54,,
578,3.93,3.53,,
579,4.16,3.52,,
580,5.52,3.51,,
581,5.43,3.51,,
582,5.16,3.5,,
583,5.6,3.49,,
584,5.68,3.49,,
585,5.89,3.48,,
586,4.66,3.47,,
587,4.94,3.47,,
588,4.59,3.46,,
589,4.36,3.45,,
590,4.07,3.45,,
591,2.47,3.44,,
592,3.62,3.43,,
593,3.93,3.43,,
594,3.23,3.42,,
595,2.77,3.41,,
596,2.54,3.41,,
597,2.72,3.4,,
598,2.76,3.39,,
599,2.65,3.39,,
600,2.76,3.38,,
601,2.93,3.37,,
602,2.88,3.37,,
603,1.27,3.36,,
604,1.25,3.35,,
605,1.16,3.35,,
606,1.38,3.34,,
607,1.42,3.33,,
608,3.86,3.33,,
609,4.31,3.32,,
610,4.62,3.31,,
611,4.86,3.31,,
612,4.6,3.3,,
613,4.5,3.29,,
614,5.45,3.29,,
615,4.97,3.28,,
616,5.26,3.27,,
617,5.28,3.27,,
618,5.09,3.26,,
619,2.93,3.26,,
620,1.89,3.25,,
621,1.81,3.24,,
622,1.86,3.24,,
623,1.83,3.23,,
624,1.65,3.22,,
625,0.22,3.22,,
626,0.64,3.21,,
627,1.12,3.2,,
628,0.93,3.2,,
629,1.46,3.19,,
630,1.55,3.19,,
631,2.62,3.18,,
632,2.6,3.17,,
633,3.85,3.17,,
634,4.07,3.16,,
635,4.1,3.15,,
636,4.25,3.15,,
637,4.64,3.14,,
638,4.69,3.14,,
639,5.43,3.13,,
640,5.84,3.12,,
641,5.74,3.12,,
642,5.29,3.11,,
643,5.22,3.11,,
644,3.43,3.1,,
645,2.34,3.09,,
646,2.46,3.09,,
647,2.28,3.08,,
648,1.62,3.07,,
649,1.42,3.07,,
650,0.9,3.06,,
651,1.03,3.06,,
652,0.99,3.05,,
653,1.23,3.04,,
654,1.26,3.04,,
655,1.14,3.03,,
656,2.12,3.03,,
657,2.01,3.02,,
658,2.23,3.01,,
659,2.77,3.01,,
660,2.72,3,,
661,2.86,3,,
662,2.83,2.99,,
663,2.83,2.99,,
664,2.51,2.98,,
665,2.45,2.97,,
666,2.53,2.97,,
667,2.51,2.96,,
668,2.49,2.96,,
669,2.4,2.95,,
670,1.55,2.94,,
671,1.53,2.94,,
672,1.42,2.93,,
673,1.03,2.93,,
674,0.94,2.92,,
675,1.02,2.92,,
676,0.82,2.91,,
677,1.18,2.9,,
678,0.89,2.9,,
679,0.83,2.89,,
680,0.74,2.89,,
681,1.27,2.88,,
682,1.32,2.88,,
683,1.33,2.87,,
684,1.43,2.86,,
685,1.43,2.86,,
686,1.39,2.85,,
687,2.35,2.85,,
688,2.27,2.84,,
689,2.29,2.84,,
690,2.22,2.83,,
691,2.38,2.83,,
692,1.95,2.82,,
693,1.93,2.81,,
694,2.05,2.81,,
695,2.07,2.8,,
696,4.93,2.8,,
697,4.75,2.79,,
698,4.08,2.79,,
699,2.9,2.78,,
700,2.84,2.78,,
701,4.08,2.77,,
702,4.06,2.76,,
703,3.84,2.76,,
704,3.82,2.75,,
705,3.66,2.75,,
706,3.69,2.74,,
707,2.26,2.74,,
708,2.99,2.73,,
709,2.95,2.73,,
710,3.65,2.72,,
711,3.82,2.72,,
712,4.18,2.71,,
713,4.1,2.71,,
714,4.63,2.7,,
715,4.77,2.7,,
716,7.89,2.69,,
717,7.6,2.68,,
718,6.49,2.68,,
719,6.96,2.67,,
720,7.64,2.67,,
721,7.77,2.66,,
722,7.69,2.66,,
723,5.47,2.65,,
724,5.32,2.65,,
725,5.32,2.64,,
726,5.32,2.64,,
727,2.85,2.63,,
728,2.57,2.63,,
729,2.63,2.62,,
730,1.68,2.62,,
731,1.14,2.61,,
732,1.25,2.61,,
733,1.5,2.6,,
734,2.26,2.6,,
735,2.18,2.59,,
736,2.18,2.59,,
737,1.99,2.58,,
738,1.88,2.58,,
739,2.14,2.57,,
740,1.98,2.57,,
741,1.64,2.56,,
742,1.51,2.56,,
743,1.51,2.55,,
744,1.56,2.55,,
745,0.5,2.54,,
746,1.7,2.54,,
747,1.77,2.53,,
748,1.72,2.53,,
749,1.79,2.52,,
750,2.84,2.52,,
751,2.98,2.51,,
752,3.15,2.51,,
753,3.23,2.5,,
754,3.09,2.5,,
755,3.2,2.49,,
756,3.16,2.49,,
757,3.41,2.48,,
758,3.43,2.48,,
759,3.94,2.47,,
760,3.94,2.47,,
761,1.76,2.46,,
762,1.59,2.46,,
763,2.89,2.45,,
764,2.77,2.45,,
765,3.07,2.44,,
766,2.24,2.44,,
767,2.6,2.43,,
768,2.22,2.43,,
769,2.25,2.42,,
770,2.06,2.42,,
771,1.85,2.41,,
772,1.67,2.41,,
773,1.62,2.4,,
774,0.86,2.4,,
775,0.93,2.4,,
776,1.33,2.39,,
777,1.75,2.39,,
778,1.92,2.38,,
779,1.82,2.38,,
780,1.97,2.37,,
781,1.91,2.37,,
782,2.17,2.36,,
783,2.33,2.36,,
784,2.45,2.35,,
785,2.13,2.35,,
786,2.13,2.34,,
787,1.97,2.34,,
788,1.52,2.33,,
789,1.09,2.33,,
790,1.14,2.33,,
791,1.41,2.32,,
792,1.57,2.32,,
793,2.36,2.31,,
794,2.5,2.31,,
795,2.62,2.3,,
796,3.68,2.3,,
797,4.73,2.29,,
798,4.16,2.29,,
799,4.58,2.28,,
800,4.97,2.28,,
801,5.19,2.28,,
802,5.74,2.27,,
803,5.64,2.27,,
804,4.23,2.26,,
805,4.08,2.26,,
806,2.8,2.25,,
807,2.32,2.25,,
808,1.1,2.24,,
809,1.11,2.24,,
810,1.1,2.24,,
811,1.14,2.23,,
812,1.18,2.23,,
813,1.9,2.22,,
814,1.83,2.22,,
815,1.78,2.21,,
816,1.7,2.21,,
817,1.93,2.21,,
818,1.89,2.2,,
819,1.91,2.2,,
820,3.88,2.19,,
821,5.54,2.19,,
822,5.43,2.18,,
823,5.67,2.18,,
824,6.25,2.17,,
825,6.25,2.17,,
826,6.62,2.17,,
827,6.46,2.16,,
828,5.65,2.16,,
829,5.56,2.15,,
830,5.48,2.15,,
831,4.1,2.15,,
832,2.74,2.14,,
833,2.53,2.14,,
834,2.02,2.13,,
835,1.96,2.13,,
836,1.94,2.12,,
837,1.17,2.12,,
838,0.92,2.12,,
839,0.6,2.11,,
840,0.61,2.11,,
841,2.93,2.1,,
842,2.82,2.1,,
843,2.52,2.1,,
844,2.79,2.09,,
845,4.94,2.09,,
846,4.94,2.08,,
847,5.26,2.08,,
848,5.22,2.07,,
849,4.96,2.07,,
850,4.96,2.07,,
851,4.76,2.06,,
852,3.79,2.06,,
853,4.09,2.05,,
854,4.37,2.05,,
855,4.34,2.05,,
856,1.19,2.04,,
857,1.19,2.04,,
858,1.88,2.03,,
859,3.43,2.03,,
860,4.1,2.03,,
861,3.83,2.02,,
862,4.2,2.02,,
863,2.72,2.01,,
864,2.89,2.01,,
865,2.52,2.01,,
866,2.42,2,,
867,2.39,2,,
868,2.42,1.99,,
869,1.84,1.99,,
870,0.79,1.99,,
871,0.92,1.98,,
872,0.97,1.98,,
873,0.89,1.98,,
874,0.94,1.97,,
875,0.81,1.97,,
876,0.7,1.96,,
877,0.68,1.96,,
878,0.69,1.96,,
879,0.81,1.95,,
880,0.75,1.95,,
881,0.75,1.94,,
882,0.92,1.94,,
883,1.57,1.94,,
884,1.61,1.93,,
885,2.04,1.93,,
886,2.04,1.93,,
887,1.69,1.92,,
888,1.66,1.92,,
889,1.77,1.91,,
890,2.49,1.91,,
891,3.28,1.91,,
892,3.18,1.9,,
893,2.94,1.9,,
894,2.69,1.9,,
895,2.36,1.89,,
896,2.32,1.89,,
897,2.26,1.88,,
898,2.49,1.88,,
899,2.65,1.88,,
900,2.55,1.87,,
901,2.02,1.87,,
902,0.89,1.87,,
903,0.87,1.86,,
904,0.92,1.86,,
905,0.87,1.85,,
906,1.04,1.85,,
907,0.89,1.85,,
908,1.41,1.84,,
909,1.73,1.84,,
910,1.97,1.84,,
911,2,1.83,,
912,2.35,1.83,,
913,2.32,1.83,,
914,2.37,1.82,,
915,2.27,1.82,,
916,2.69,1.81,,
917,2.59,1.81,,
918,2.16,1.81,,
919,1.68,1.8,,
920,1.49,1.8,,
921,1.28,1.8,,
922,1.28,1.79,,
923,1.31,1.79,,
924,1.06,1.79,,
925,0.96,1.78,,
926,0.92,1.78,,
927,0.65,1.78,,
928,0.62,1.77,,
929,0.34,1.77,,
930,0.31,1.77,,
931,0.53,1.76,,
932,0.54,1.76,,
933,0.5,1.76,,
934,0.49,1.75,,
935,0.6,1.75,,
936,0.96,1.74,,
937,1.05,1.74,,
938,0.93,1.74,,
939,1,1.73,,
940,0.92,1.73,,
941,0.91,1.73,,
942,0.55,1.72,,
943,0.49,1.72,,
944,0.51,1.72,,
945,0.51,1.71,,
946,0.5,1.71,,
947,0,1.71,,
948,0.44,1.7,,
949,0.44,1.7,,
950,1.94,1.7,,
951,2.14,1.69,,
952,3.3,1.69,,
953,3.34,1.69,,
954,3.69,1.68,,
955,3.93,1.68,,
956,3.83,1.68,,
957,3.59,1.67,,
958,3.27,1.67,,
959,3.53,1.67,,
960,3.85,1.66,,
961,3.1,1.66,,
962,3.07,1.66,,
963,2.12,1.65,,
964,1.96,1.65,,
965,2,1.65,,
966,2.1,1.64,,
967,2.49,1.64,,
968,2.59,1.64,,
969,2.69,1.64,,
970,1.71,1.63,,
971,1.68,1.63,,
972,2.67,1.63,,
973,2.51,1.62,,
974,2.64,1.62,,
975,2.94,1.62,,
976,2.94,1.61,,
977,2.72,1.61,,
978,2.16,1.61,,
979,2.21,1.6,,
980,2.43,1.6,,
981,2.18,1.6,,
982,1.94,1.59,,
983,0.59,1.59,,
984,0.54,1.59,,
985,1.35,1.58,,
986,1.25,1.58,,
987,2.14,1.58,,
988,2.14,1.58,,
989,3.21,1.57,,
990,3.21,1.57,,
991,2.98,1.57,,
992,3.19,1.56,,
993,3.69,1.56,,
994,3.75,1.56,,
995,3.48,1.55,,
996,3.7,1.55,,
997,3.39,1.55,,
998,3.04,1.54,,
999,3.22,1.54,,
1000,2.31,1.54,,
1001,2.15,1.54,,
1002,2.21,1.53,,
1003,2.29,1.53,,
1004,1.78,1.53,,
1005,1.54,1.52,,
1006,1.76,1.52,,
1007,1.9,1.52,,
1008,1.87,1.51,,
1009,0.45,1.51,,
1010,0,1.51,,
1011,0.3,1.51,,
1012,0.87,1.5,,
1013,0.87,1.5,,
1014,1.01,1.5,,
1015,0.96,1.49,,
1016,1.27,1.49,,
1017,1.15,1.49,,
1018,1.15,1.48,,
1019,2.04,1.48,,
1020,1.73,1.48,,
1021,2.05,1.48,,
1022,1.86,1.47,,
1023,1.58,1.47,,
1024,1.48,1.47,,
1025,2.22,1.46,,
1026,3.08,1.46,,
1027,3.67,1.46,,
1028,3.85,1.46,,
1029,3.71,1.45,,
1030,3.51,1.45,,
1031,4.24,1.45,,
1032,4.28,1.44,,
1033,5.17,1.44,,
1034,4.79,1.44,,
1035,5.04,1.44,,
1036,4.77,1.43,,
1037,3.94,1.43,,
1038,3.24,1.43,,
1039,3.26,1.42,,
1040,3.62,1.42,,
1041,3.57,1.42,,
1042,3.58,1.42,,
1043,4.04,1.41,,
1044,3.37,1.41,,
1045,3.5,1.41,,
1046,3.5,1.41,,
1047,3.39,1.4,,
1048,3.51,1.4,,
1049,3.51,1.4,,
1050,3.53,1.39,,
1051,3.57,1.39,,
1052,3.03,1.39,,
1053,2.98,1.39,,
1054,1.71,1.38,,
1055,1.51,1.38,,
1056,1.62,1.38,,
1057,1.65,1.38,,
1058,1.69,1.37,,
1059,1.54,1.37,,
1060,1.4,1.37,,
1061,2,1.36,,
1062,1.9,1.36,,
1063,1.8,1.36,,
1064,2.16,1.36,,
1065,2.29,1.35,,
1066,2.11,1.35,,
1067,2.15,1.35,,
1068,2.1,1.35,,
1069,2.69,1.34,,
1070,3.84,1.34,,
1071,4.21,1.34,,
1072,3.43,1.34,,
1073,3.2,1.33,,
1074,5.24,1.33,,
1075,4.41,1.33,,
1076,5.1,1.32,,
1077,5.27,1.32,,
1078,4.98,1.32,,
1079,4.98,1.32,,
1080,4.65,1.31,,
1081,3.63,1.31,,
1082,3.54,1.31,,
1083,3.18,1.31,,
1084,3.32,1.3,,
1085,2.29,1.3,,
1086,2.42,1.3,,
1087,2.3,1.3,,
1088,2.56,1.29,,
1089,2.11,1.29,,
1090,2.17,1.29,,
1091,2.46,1.29,,
1092,2.63,1.28,,
1093,2.63,1.28,,
1094,2.87,1.28,,
1095,2.67,1.28,,
1096,2.41,1.27,,
1097,2.41,1.27,,
1098,2.28,1.27,,
1099,2.38,1.27,,
1100,2.12,1.26,,
1101,2.11,1.26,,
1102,2,1.26,,
1103,1.77,1.26,,
1104,1.66,1.25,,
1105,2.12,1.25,,
1106,2.2,1.25,,
1107,2.38,1.25,,
1108,2.51,1.24,,
1109,2.51,1.24,,
1110,1.91,1.24,,
1111,1.55,1.24,,
1112,1.57,1.23,,
1113,0.97,1.23,,
1114,0.99,1.23,,
1115,0.99,1.23,,
1116,0.11,1.22,,
1117,0.09,1.22,,
1118,0.09,1.22,,
1119,0,1.22,,
1120,0.08,1.21,,
1121,0.08,1.21,,
1122,0.09,1.21,,
1123,0.09,1.21,,
1124,0.37,1.21,,
1125,0.36,1.2,,
1126,0.52,1.2,,
1127,1.05,1.2,,
1128,1.16,1.2,,
1129,1.21,1.19,,
1130,1.22,1.19,,
1131,1.16,1.19,,
1132,3.39,1.19,,
1133,3.28,1.18,,
1134,3.64,1.18,,
1135,3.72,1.18,,
1136,3.3,1.18,,
1137,3.27,1.18,,
1138,3.35,1.17,,
1139,3.69,1.17,,
1140,3.42,1.17,,
1141,2.84,1.17,,
1142,2.76,1.16,,
1143,0.44,1.16,,
1144,0.47,1.16,,
1145,0.31,1.16,,
1146,0.86,1.15,,
1147,1.19,1.15,,
1148,1.61,1.15,,
1149,1.43,1.15,,
1150,1.63,1.15,,
1151,1.7,1.14,,
1152,1.9,1.14,,
1153,1.95,1.14,,
1154,1.8,1.14,,
1155,1.53,1.13,,
1156,1.52,1.13,,
1157,1.32,1.13,,
1158,0.95,1.13,,
1159,1.92,1.13,,
1160,4.14,1.12,,
1161,4.28,1.12,,
1162,3.74,1.12,,
1163,3.47,1.12,,
1164,3.57,1.11,,
1165,3.67,1.11,,
1166,4.55,1.11,,
1167,4.88,1.11,,
1168,5.19,1.11,,
1169,6.18,1.1,,
1170,3.74,1.1,,
1171,0.56,1.1,,
1172,0.58,1.1,,
1173,0.86,1.09,,
1174,1.2,1.09,,
1175,1.19,1.09,,
1176,0.84,1.09,,
1177,0.73,1.09,,
1178,0.73,1.08,,
1179,0.73,1.08,,
1180,0.71,1.08,,
1181,0.97,1.08,,
1182,1.58,1.08,,
1183,1.64,1.07,,
1184,1.48,1.07,,
1185,1.35,1.07,,
1186,1.36,1.07,,
1187,2.03,1.06,,
1188,1.8,1.06,,
1189,2.51,1.06,,
1190,2.37,1.06,,
1191,2.53,1.06,,
1192,2.4,1.05,,
1193,2.07,1.05,,
1194,1.86,1.05,,
1195,2.02,1.05,,
1196,2.05,1.05,,
1197,1.63,1.04,,
1198,1.28,1.04,,
1199,1.3,1.04,,
1200,0.28,1.04,,
1201,0.46,1.04,,
1202,0.53,1.03,,
1203,0.55,1.03,,
1204,0.82,1.03,,
1205,0.83,1.03,,
1206,1.14,1.03,,
1207,1.27,1.02,,
1208,1.99,1.02,,
1209,1.99,1.02,,
1210,1.87,1.02,,
1211,1.94,1.02,,
1212,1.93,1.01,,
1213,1.81,1.01,,
1214,1.81,1.01,,
1215,1.83,1.01,,
1216,1.77,1.01,,
1217,1.62,1,,
1218,1.55,1,,
1219,0.91,1,,
1220,1.29,1,,
1221,2.05,1,,
1222,1.88,0.99,,
1223,2.52,0.99,,
1224,3.45,0.99,,
1225,2.69,0.99,,
1226,2.67,0.99,,
1227,2.81,0.98,,
1228,1.9,0.98,,
1229,1.89,0.98,,
1230,1.85,0.98,,
1231,1.59,0.98,,
1232,1.34,0.97,,
1233,1.32,0.97,,
1234,0.97,0.97,,
1235,0.48,0.97,,
1236,0.75,0.97,,
1237,0.56,0.97,,
1238,0.49,0.96,,
1239,0.79,0.96,,
1240,0.85,0.96,,
1241,1.21,0.96,,
1242,3.25,0.96,,
1243,2.77,0.95,,
1244,2.77,0.95,,
1245,2.81,0.95,,
1246,2.88,0.95,,
1247,3.49,0.95,,
1248,3.44,0.94,,
1249,5.6,0.94,,
1250,5.47,0.94,,
1251,5.56,0.94,,
1252,4.4,0.94,,
1253,1.95,0.94,,
1254,2.09,0.93,,
1255,2.19,0.93,,
1256,2.36,0.93,,
1257,2.38,0.93,,
1258,2.99,0.93,,
1259,3.11,0.92,,
1260,2.99,0.92,,
1261,3.02,0.92,,
1262,2.93,0.92,,
1263,3.54,0.92,,
1264,4.67,0.92,,
1265,5.32,0.91,,
1266,4.69,0.91,,
1267,3.94,0.91,,
1268,3.32,0.91,,
1269,0.19,0.91,,
1270,0.42,0.9,,
1271,2.44,0.9,,
1272,2.07,0.9,,
1273,2.12,0.9,,
1274,2.1,0.9,,
1275,2.12,0.9,,
1276,1.83,0.89,,
1277,1.95,0.89,,
1278,2.43,0.89,,
1279,2.56,0.89,,
1280,2.72,0.89,,
1281,2.43,0.89,,
1282,1.2,0.88,,
1283,1.4,0.88,,
1284,1.36,0.88,,
1285,1.76,0.88,,
1286,1.77,0.88,,
1287,2.18,0.87,,
1288,2.08,0.87,,
1289,1.61,0.87,,
1290,1.65,0.87,,
1291,1.92,0.87,,
1292,2.38,0.87,,
1293,1.95,0.86,,
1294,1.87,0.86,,
1295,1.95,0.86,,
1296,1.32,0.86,,
1297,1.51,0.86,,
1298,1.67,0.86,,
1299,1.6,0.85,,
1300,1.32,0.85,,
1301,1.21,0.85,,
1302,0.77,0.85,,
1303,0.59,0.85,,
1304,1.26,0.85,,
1305,1.33,0.84,,
1306,1.28,0.84,,
1307,1.26,0.84,,
1308,1.79,0.84,,
1309,1.78,0.84,,
1310,1.33,0.84,,
1311,1.45,0.83,,
1312,1.73,0.83,,
1313,1.76,0.83,,
1314,1.99,0.83,,
1315,1.87,0.83,,
1316,1.74,0.83,,
1317,1.74,0.82,,
1318,1.79,0.82,,
1319,1.09,0.82,,
1320,0.98,0.82,,
1321,2.12,0.82,,
1322,1.95,0.82,,
1323,1.7,0.81,,
1324,1.87,0.81,,
1325,1.84,0.81,,
1326,1.52,0.81,,
1327,1.58,0.81,,
1328,1.66,0.81,,
1329,1.63,0.81,,
1330,1.75,0.8,,
1331,1.7,0.8,,
1332,1.24,0.8,,
1333,1.35,0.8,,
1334,1.29,0.8,,
1335,0.83,0.8,,
1336,0.68,0.79,,
1337,0.76,0.79,,
1338,0.78,0.79,,
1339,0.35,0.79,,
1340,0.62,0.79,,
1341,0.63,0.79,,
1342,0.68,0.79,,
1343,0.43,0.78,,
1344,0.55,0.78,,
1345,0.77,0.78,,
1346,0.9,0.78,,
1347,0.83,0.78,,
1348,0.73,0.78,,
1349,0.73,0.77,,
1350,0.89,0.77,,
1351,0.63,0.77,,
1352,0.63,0.77,,
1353,0.74,0.77,,
1354,1.1,0.77,,
1355,0.85,0.77,,
1356,0.62,0.76,,
1357,0.54,0.76,,
1358,0.62,0.76,,
1359,0.64,0.76,,
1360,0.61,0.76,,
1361,0.45,0.76,,
1362,0.54,0.75,,
1363,2.01,0.75,,
1364,1.87,0.75,,
1365,1.87,0.75,,
1366,1.79,0.75,,
1367,1.74,0.75,,
1368,1.2,0.75,,
1369,1.14,0.74,,
1370,1.14,0.74,,
1371,1.15,0.74,,
1372,1.14,0.74,,
1373,1.09,0.74,,
1374,0.45,0.74,,
1375,0.46,0.74,,
1376,0.43,0.73,,
1377,0.47,0.73,,
1378,0.59,0.73,,
1379,0.46,0.73,,
1380,1.12,0.73,,
1381,1.12,0.73,,
1382,1.19,0.73,,
1383,1.11,0.72,,
1384,1.24,0.72,,
1385,1.69,0.72,,
1386,1.32,0.72,,
1387,1.45,0.72,,
1388,1.63,0.72,,
1389,1.52,0.72,,
1390,1.64,0.71,,
1391,1.13,0.71,,
1392,1.22,0.71,,
1393,1.2,0.71,,
1394,1.29,0.71,,
1395,1.11,0.71,,
1396,0.82,0.71,,
1397,1.42,0.7,,
1398,1.3,0.7,,
1399,0.98,0.7,,
1400,0.77,0.7,,
1401,0.63,0.7,,
1402,0.72,0.7,,
1403,0.59,0.7,,
1404,0.58,0.69,,
1405,0.56,0.69,,
1406,0.55,0.69,,
1407,0.52,0.69,,
1408,0.36,0.69,,
1409,0.37,0.69,,
1410,0.37,0.69,,
1411,0.47,0.69,,
1412,0.41,0.68,,
1413,0.22,0.68,,
1414,0.11,0.68,,
1415,0.11,0.68,,
1416,0.11,0.68,,
1417,0.13,0.68,,
1418,0.21,0.68,,
1419,0.21,0.67,,
1420,0.46,0.67,,
1421,0.63,0.67,,
1422,0.57,0.67,,
1423,0.57,0.67,,
1424,0.6,0.67,,
1425,1.42,0.67,,
1426,1.59,0.67,,
1427,4,0.66,,
1428,3.33,0.66,,
1429,2.15,0.66,,
1430,2.13,0.66,,
1431,1.5,0.66,,
1432,1.68,0.66,,
1433,1.65,0.66,,
1434,1.11,0.66,,
1435,1.18,0.65,,
1436,1.13,0.65,,
1437,1.19,0.65,,
1438,0.49,0.65,,
1439,0.51,0.65,,
1440,0.6,0.65,,
1441,0.61,0.65,,
1442,0.68,0.64,,
1443,0.3,0.64,,
1444,0.31,0.64,,
1445,0.34,0.64,,
1446,0.34,0.64,,
1447,0.4,0.64,,
1448,0.78,0.64,,
1449,0.67,0.64,,
1450,0.93,0.63,,
1451,1.04,0.63,,
1452,0.92,0.63,,
1453,0.97,0.63,,
1454,0.88,0.63,,
1455,0.71,0.63,,
1456,0.7,0.63,,
1457,1.19,0.63,,
1458,1.28,0.62,,
1459,1.04,0.62,,
1460,1.03,0.62,,
1461,0.8,0.62,,
1462,1.51,0.62,,
1463,1.6,0.62,,
1464,1.53,0.62,,
1465,1.55,0.62,,
1466,1.81,0.62,,
1467,1.72,0.61,,
1468,0.73,0.61,,
1469,0.74,0.61,,
1470,0.76,0.61,,
1471,1.21,0.61,,
1472,1.11,0.61,,
1473,0.33,0.61,,
1474,0.53,0.61,,
1475,0.62,0.6,,
1476,0.63,0.6,,
1477,0.69,0.6,,
1478,0.66,0.6,,
1479,0.82,0.6,,
1480,0.73,0.6,,
1481,0.72,0.6,,
1482,0.39,0.6,,
1483,0.43,0.59,,
1484,0.42,0.59,,
1485,0.22,0.59,,
1486,0.22,0.59,,
1487,0.21,0.59,,
1488,0.2,0.59,,
1489,0.23,0.59,,
1490,0.22,0.59,,
1491,0.24,0.59,,
1492,0.27,0.58,,
1493,0.27,0.58,,
1494,0.14,0.58,,
1495,0.14,0.58,,
1496,0.15,0.58,,
1497,0,0.58,,
1498,0.22,0.58,,
1499,0.21,0.58,,
1500,0.2,0.58,,
1501,0.25,0.57,,
1502,0.46,0.57,,
1503,0.41,0.57,,
1504,0.54,0.57,,
1505,0.77,0.57,,
1506,0.82,0.57,,
1507,0.98,0.57,,
1508,0.92,0.57,,
1509,0.78,0.57,,
1510,0.89,0.56,,
1511,0.83,0.56,,
1512,1.76,0.56,,
1513,1.56,0.56,,
1514,1.73,0.56,,
1515,1.85,0.56,,
1516,1.96,0.56,,
1517,1.85,0.56,,
1518,1.49,0.56,,
1519,1.65,0.55,,
1520,1.52,0.55,,
1521,1.38,0.55,,
1522,1.31,0.55,,
1523,0.19,0.55,,
1524,0.19,0.55,,
1525,0.37,0.55,,
1526,0.24,0.55,,
1527,0.22,0.55,,
1528,0.23,0.54,,
1529,0.27,0.54,,
1530,0.28,0.54,,
1531,0.34,0.54,,
1532,0.37,0.54,,
1533,1.69,0.54,,
1534,1.73,0.54,,
1535,1.57,0.54,,
1536,1.31,0.54,,
1537,1,0.53,,
1538,1,0.53,,
1539,0.96,0.53,,
1540,0.96,0.53,,
1541,0.96,0.53,,
1542,0.97,0.53,,
1543,0.99,0.53,,
1544,1.95,0.53,,
1545,1.9,0.53,,
1546,1.69,0.53,,
1547,2.01,0.52,,
1548,1.88,0.52,,
1549,2.55,0.52,,
1550,2.49,0.52,,
1551,1.93,0.52,,
1552,1.87,0.52,,
1553,1.84,0.52,,
1554,2.15,0.52,,
1555,1.05,0.52,,
1556,1.2,0.52,,
1557,1.3,0.51,,
1558,1.26,0.51,,
1559,1.38,0.51,,
1560,1.18,0.51,,
1561,1.25,0.51,,
1562,1.44,0.51,,
1563,1.44,0.51,,
1564,1.44,0.51,,
1565,1.23,0.51,,
1566,1.22,0.51,,
1567,0.88,0.5,,
1568,0.79,0.5,,
1569,0.82,0.5,,
1570,0.73,0.5,,
1571,0.84,0.5,,
1572,0.68,0.5,,
1573,0.39,0.5,,
1574,0.36,0.5,,
1575,0.37,0.5,,
1576,0.69,0.5,,
1577,0.7,0.49,,
1578,0.81,0.49,,
1579,0.78,0.49,,
1580,0.77,0.49,,
1581,2.25,0.49,,
1582,2.36,0.49,,
1583,2.2,0.49,,
1584,2.04,0.49,,
1585,2.71,0.49,,
1586,2.59,0.49,,
1587,2.76,0.48,,
1588,2.69,0.48,,
1589,2.46,0.48,,
1590,2.71,0.48,,
1591,2.52,0.48,,
1592,1.19,0.48,,
1593,1.03,0.48,,
1594,1.34,0.48,,
1595,1.33,0.48,,
1596,0.79,0.48,,
1597,0.83,0.48,,
1598,0.85,0.47,,
1599,0.79,0.47,,
1600,0.85,0.47,,
1601,0.68,0.47,,
1602,0.69,0.47,,
1603,0.83,0.47,,
1604,2.39,0.47,,
1605,2.24,0.47,,
1606,2.5,0.47,,
1607,2.24,0.47,,
1608,2.06,0.47,,
1609,1.98,0.46,,
1610,1.96,0.46,,
1611,1.96,0.46,,
1612,1.93,0.46,,
1613,2.06,0.46,,
1614,1.79,0.46,,
1615,0.56,0.46,,
1616,0.56,0.46,,
1617,0.43,0.46,,
1618,0.39,0.46,,
1619,0.41,0.46,,
1620,0.43,0.45,,
1621,0.89,0.45,,
1622,0.82,0.45,,
1623,0.95,0.45,,
1624,0.78,0.45,,
1625,0.89,0.45,,
1626,1.13,0.45,,
1627,1.14,0.45,,
1628,1.5,0.45,,
1629,1.52,0.45,,
1630,1.67,0.45,,
1631,1.79,0.44,,
1632,1.51,0.44,,
1633,1.52,0.44,,
1634,1.41,0.44,,
1635,1.35,0.44,,
1636,1.78,0.44,,
1637,3.3,0.44,,
1638,3.39,0.44,,
1639,3.25,0.44,,
1640,3.22,0.44,,
1641,3.13,0.44,,
1642,2.81,0.44,,
1643,2.51,0.43,,
1644,2.61,0.43,,
1645,2.42,0.43,,
1646,2.24,0.43,,
1647,1.99,0.43,,
1648,0.36,0.43,,
1649,0.37,0.43,,
1650,0.27,0.43,,
1651,0.26,0.43,,
1652,0.27,0.43,,
1653,0.21,0.43,,
1654,0.29,0.42,,
1655,0.37,0.42,,
1656,0.4,0.42,,
1657,0.42,0.42,,
1658,0.52,0.42,,
1659,0.49,0.42,,
1660,0.52,0.42,,
1661,0.5,0.42,,
1662,0.48,0.42,,
1663,0.46,0.42,,
1664,0.48,0.42,,
1665,0.31,0.42,,
1666,0.46,0.42,,
1667,0.49,0.41,,
1668,0.49,0.41,,
1669,0.41,0.41,,
1670,0.4,0.41,,
1671,0.58,0.41,,
1672,0.54,0.41,,
1673,1.77,0.41,,
1674,1.6,0.41,,
1675,1.53,0.41,,
1676,1.77,0.41,,
1677,1.59,0.41,,
1678,1.61,0.41,,
1679,1.83,0.4,,
1680,1.73,0.4,,
1681,1.9,0.4,,
1682,1.76,0.4,,
1683,1.79,0.4,,
1684,1.5,0.4,,
1685,1.58,0.4,,
1686,1.59,0.4,,
1687,1.48,0.4,,
1688,1.71,0.4,,
1689,1.61,0.4,,
1690,1.15,0.4,,
1691,1.23,0.4,,
1692,0.95,0.39,,
1693,1.04,0.39,,
1694,1.03,0.39,,
1695,0.6,0.39,,
1696,0.53,0.39,,
1697,0.55,0.39,,
1698,0.63,0.39,,
1699,0.48,0.39,,
1700,0.44,0.39,,
1701,0.34,0.39,,
1702,0.33,0.39,,
1703,1.58,0.39,,
1704,1.56,0.39,,
1705,1.46,0.38,,
1706,1.77,0.38,,
1707,1.94,0.38,,
1708,1.85,0.38,,
1709,1.77,0.38,,
1710,1.81,0.38,,
1711,1.77,0.38,,
1712,1.81,0.38,,
1713,1.92,0.38,,
1714,0.87,0.38,,
1715,0.73,0.38,,
1716,0.73,0.38,,
1717,0.34,0.38,,
1718,0.34,0.37,,
1719,0.75,0.37,,
1720,0.77,0.37,,
1721,0.78,0.37,,
1722,0.83,0.37,,
1723,0.86,0.37,,
1724,0.76,0.37,,
1725,0.67,0.37,,
1726,0.93,0.37,,
1727,0.89,0.37,,
1728,0.96,0.37,,
1729,0.87,0.37,,
1730,0.76,0.37,,
1731,0.73,0.37,,
1732,0.75,0.36,,
1733,0.81,0.36,,
1734,0.76,0.36,,
1735,1.76,0.36,,
1736,1.63,0.36,,
1737,1.56,0.36,,
1738,1.56,0.36,,
1739,1.44,0.36,,
1740,1.44,0.36,,
1741,1,0.36,,
1742,1,0.36,,
1743,1.03,0.36,,
1744,0.96,0.36,,
1745,0.94,0.36,,
1746,0.09,0.35,,
1747,0.08,0.35,,
1748,0.08,0.35,,
1749,0.09,0.35,,
1750,0.09,0.35,,
1751,0.44,0.35,,
1752,0.41,0.35,,
1753,0.45,0.35,,
1754,0.43,0.35,,
1755,0.45,0.35,,
1756,0.47,0.35,,
1757,0.45,0.35,,
1758,0.53,0.35,,
1759,0.5,0.35,,
1760,1.67,0.35,,
1761,1.79,0.34,,
1762,1.6,0.34,,
1763,1.7,0.34,,
1764,1.68,0.34,,
1765,2,0.34,,
1766,2.06,0.34,,
1767,1.87,0.34,,
1768,2.03,0.34,,
1769,1.78,0.34,,
1770,1.87,0.34,,
1771,0.24,0.34,,
1772,0.15,0.34,,
1773,0.14,0.34,,
1774,0,0.34,,
1775,0.27,0.33,,
1776,0.26,0.33,,
1777,0.18,0.33,,
1778,0.18,0.33,,
1779,0.15,0.33,,
1780,0.14,0.33,,
1781,0.14,0.33,,
1782,0.17,0.33,,
1783,0.16,0.33,,
1784,0.16,0.33,,
1785,0.16,0.33,,
1786,0.3,0.33,,
1787,0.33,0.33,,
1788,0.46,0.33,,
1789,0.49,0.33,,
1790,0.68,0.33,,
1791,0.71,0.32,,
1792,0.75,0.32,,
1793,1.06,0.32,,
1794,1.08,0.32,,
1795,1.05,0.32,,
1796,1.04,0.32,,
1797,0.49,0.32,,
1798,0.41,0.32,,
1799,0.4,0.32,,
1800,0.37,0.32,,
1801,0.4,0.32,,
1802,0.42,0.32,,
1803,0.37,0.32,,
1804,0,0.32,,
1805,0.11,0.32,,
1806,0.11,0.32,,
1807,0.11,0.31,,
1808,0.23,0.31,,
1809,0.22,0.31,,
1810,0.22,0.31,,
1811,0.32,0.31,,
1812,1.12,0.31,,
1813,1.11,0.31,,
1814,1.13,0.31,,
1815,1.2,0.31,,
1816,0.92,0.31,,
1817,0.79,0.31,,
1818,0.79,0.31,,
1819,0.75,0.31,,
1820,0.83,0.31,,
1821,1.77,0.31,,
1822,1.69,0.31,,
1823,0.99,0.3,,
1824,1.02,0.3,,
1825,1.04,0.3,,
1826,0.99,0.3,,
1827,1.19,0.3,,
1828,1.42,0.3,,
1829,1.41,0.3,,
1830,1.32,0.3,,
1831,1.34,0.3,,
1832,0.19,0.3,,
1833,0.19,0.3,,
1834,0.19,0.3,,
1835,0.79,0.3,,
1836,0.75,0.3,,
1837,1.06,0.3,,
1838,1.08,0.3,,
1839,1.12,0.3,,
1840,0.74,0.29,,
1841,0.74,0.29,,
1842,0.75,0.29,,
1843,0.73,0.29,,
1844,0.65,0.29,,
1845,0.64,0.29,,
1846,0.28,0.29,,
1847,0.29,0.29,,
1848,0,0.29,,
1849,0,0.29,,
1850,0.12,0.29,,
1851,0.17,0.29,,
1852,0.17,0.29,,
1853,0.17,0.29,,
1854,0.19,0.29,,
1855,0.69,0.29,,
1856,0.74,0.29,,
1857,0.72,0.29,,
1858,0.79,0.28,,
1859,0.72,0.28,,
1860,0.72,0.28,,
1861,0.76,0.28,,
1862,0.75,0.28,,
1863,0.73,0.28,,
1864,1.82,0.28,,
1865,1.84,0.28,,
1866,2,0.28,,
1867,1.82,0.28,,
1868,1.96,0.28,,
1869,2.41,0.28,,
1870,2.99,0.28,,
1871,3.28,0.28,,
1872,2.76,0.28,,
1873,2.54,0.28,,
1874,2.71,0.28,,
1875,1.08,0.28,,
1876,1.01,0.27,,
1877,1,0.27,,
1878,1.02,0.27,,
1879,0.89,0.27,,
1880,0.4,0.27,,
1881,0.9,0.27,,
1882,0.76,0.27,,
1883,0.82,0.27,,
1884,0.76,0.27,,
1885,0.71,0.27,,
1886,0.71,0.27,,
1887,0.74,0.27,,
1888,0.86,0.27,,
1889,0.85,0.27,,
1890,0.93,0.27,,
1891,0.97,0.27,,
1892,0.4,0.27,,
1893,0.4,0.27,,
1894,0.36,0.27,,
1895,0.42,0.26,,
1896,0.34,0.26,,
1897,0.24,0.26,,
1898,0.4,0.26,,
1899,0.14,0.26,,
1900,0.92,0.26,,
1901,0.94,0.26,,
1902,0.92,0.26,,
1903,1.01,0.26,,
1904,1.29,0.26,,
1905,1.25,0.26,,
1906,1.18,0.26,,
1907,1.09,0.26,,
1908,1.14,0.26,,
1909,1.09,0.26,,
1910,1.24,0.26,,
1911,0.96,0.26,,
1912,0.92,0.26,,
1913,0.92,0.26,,
1914,0.88,0.25,,
1915,0.77,0.25,,
1916,0.18,0.25,,
1917,0.21,0.25,,
1918,0.16,0.25,,
1919,0.17,0.25,,
1920,0.17,0.25,,
1921,0.1,0.25,,
1922,0.1,0.25,,
1923,0.1,0.25,,
1924,0.73,0.25,,
1925,0.9,0.25,,
1926,0.9,0.25,,
1927,0.99,0.25,,
1928,0.98,0.25,,
1929,2.04,0.25,,
1930,2.14,0.25,,
1931,2,0.25,,
1932,2.01,0.25,,
1933,1.96,0.25,,
1934,1.92,0.25,,
1935,2.11,0.24,,
1936,1.13,0.24,,
1937,1.04,0.24,,
1938,0.27,0.24,,
1939,0.26,0.24,,
1940,0.26,0.24,,
1941,0,0.24,,
1942,0,0.24,,
1943,0,0.24,,
1944,0,0.24,,
1945,0.13,0.24,,
1946,0.1,0.24,,
1947,0.09,0.24,,
1948,0.09,0.24,,
1949,0.11,0.24,,
1950,0.12,0.24,,
1951,0.24,0.24,,
1952,0.24,0.24,,
1953,0.9,0.24,,
1954,1.07,0.24,,
1955,1.01,0.24,,
1956,1.02,0.23,,
1957,1.26,0.23,,
1958,2.09,0.23,,
1959,1.88,0.23,,
1960,1.82,0.23,,
1961,1.91,0.23,,
1962,2.37,0.23,,
1963,2.08,0.23,,
1964,0.86,0.23,,
1965,0.79,0.23,,
1966,0.83,0.23,,
1967,0.81,0.23,,
1968,0.66,0.23,,
1969,0.14,0.23,,
1970,0.15,0.23,,
1971,0.12,0.23,,
1972,0.11,0.23,,
1973,0.11,0.23,,
1974,0.12,0.23,,
1975,0.13,0.23,,
1976,0.38,0.23,,
1977,0.39,0.23,,
1978,0.39,0.22,,
1979,0.47,0.22,,
1980,0.43,0.22,,
1981,0.39,0.22,,
1982,3.49,0.22,,
1983,4.79,0.22,,
1984,4.29,0.22,,
1985,3.96,0.22,,
1986,4.12,0.22,,
1987,2.54,0.22,,
1988,2.67,0.22,,
1989,2.6,0.22,,
1990,2.73,0.22,,
1991,2.77,0.22,,
1992,2.77,0.22,,
1993,0.99,0.22,,
1994,0.38,0.22,,
1995,0.41,0.22,,
1996,0.38,0.22,,
1997,0.39,0.22,,
1998,0.44,0.22,,
1999,0,0.22,,
2000,0,0.22,,
2001,0.27,0.21,,
2002,0.28,0.21,,
2003,0.21,0.21,,
2004,0.22,0.21,,
2005,0.24,0.21,,
2006,2.42,0.21,,
2007,2.5,0.21,,
2008,2.35,0.21,,
2009,2.05,0.21,,
2010,2.12,0.21,,
2011,2.05,0.21,,
2012,2.03,0.21,,
2013,2.05,0.21,,
2014,2.51,0.21,,
2015,2.59,0.21,,
2016,2.63,0.21,,
2017,0.48,0.21,,
2018,0.83,0.21,,
2019,0.87,0.21,,
2020,0.69,0.21,,
2021,0.54,0.21,,
2022,0.58,0.21,,
2023,0.5,0.21,,
2024,0.39,0.21,,
2025,0.43,0.2,,
2026,0.37,0.2,,
2027,0.39,0.2,,
2028,0.43,0.2,,
2029,0.12,0.2,,
2030,0.12,0.2,,
2031,0.14,0.2,,
2032,0.82,0.2,,
2033,0.74,0.2,,
2034,0.73,0.2,,
2035,0.73,0.2,,
2036,0.64,0.2,,
2037,0.72,0.2,,
2038,0.52,0.2,,
2039,0.54,0.2,,
2040,1.74,0.2,,
2041,1.72,0.2,,
2042,1.74,0.2,,
2043,1.33,0.2,,
2044,1.43,0.2,,
2045,1.66,0.2,,
2046,1.71,0.2,,
2047,1.88,0.2,,
2048,1.68,0.2,,
2049,2.13,0.2,,
2050,2.13,0.2,,
2051,0.97,0.19,,
2052,0.98,0.19,,
2053,1,0.19,,
2054,1.16,0.19,,
2055,1.14,0.19,,
2056,1.13,0.19,,
2057,0.22,0.19,,
2058,0.21,0.19,,
2059,0.67,0.19,,
2060,0.67,0.19,,
2061,0.67,0.19,,
2062,0.65,0.19,,
2063,0.64,0.19,,
2064,0.61,0.19,,
2065,0.5,0.19,,
2066,0.5,0.19,,
2067,0.53,0.19,,
2068,0.6,0.19,,
2069,0.59,0.19,,
2070,0.11,0.19,,
2071,0.09,0.19,,
2072,0.17,0.19,,
2073,0.17,0.19,,
2074,0.16,0.19,,
2075,0.24,0.19,,
2076,0.24,0.19,,
2077,0.26,0.18,,
2078,0.21,0.18,,
2079,0.2,0.18,,
2080,0.2,0.18,,
2081,0.29,0.18,,
2082,1.29,0.18,,
2083,1.23,0.18,,
2084,1.3,0.18,,
2085,1.23,0.18,,
2086,1.12,0.18,,
2087,1.11,0.18,,
2088,1.49,0.18,,
2089,1.62,0.18,,
2090,1.67,0.18,,
2091,1.74,0.18,,
2092,1.68,0.18,,
2093,0.46,0.18,,
2094,0.46,0.18,,
2095,0.42,0.18,,
2096,0.57,0.18,,
2097,0.79,0.18,,
2098,0.63,0.18,,
2099,0.65,0.18,,
2100,0.65,0.18,,
2101,0.62,0.18,,
2102,0,0.18,,
2103,0,0.18,,
2104,0,0.18,,
2105,0,0.18,,
2106,2.63,0.17,,
2107,2.65,0.17,,
2108,2.63,0.17,,
2109,2.66,0.17,,
2110,2.63,0.17,,
2111,2.58,0.17,,
2112,2.57,0.17,,
2113,2.53,0.17,,
2114,2.53,0.17,,
2115,2.56,0.17,,
2116,2.59,0.17,,
2117,1.11,0.17,,
2118,1.05,0.17,,
2119,0.78,0.17,,
2120,0.6,0.17,,
2121,0.62,0.17,,
2122,0.82,0.17,,
2123,0.84,0.17,,
2124,0.51,0.17,,
2125,0.51,0.17,,
2126,0.22,0.17,,
2127,0.2,0.17,,
2128,0.2,0.17,,
2129,0.24,0.17,,
2130,0.27,0.17,,
2131,0.32,0.17,,
2132,0.32,0.17,,
2133,0.2,0.17,,
2134,0.19,0.17,,
2135,0.2,0.16,,
2136,0.2,0.16,,
2137,0.28,0.16,,
2138,0.65,0.16,,
2139,0.65,0.16,,
2140,0.45,0.16,,
2141,0.27,0.16,,
2142,0.24,0.16,,
2143,0.24,0.16,,
2144,0.24,0.16,,
2145,0.23,0.16,,
2146,0.2,0.16,,
2147,0.85,0.16,,
2148,0.87,0.16,,
2149,0.6,0.16,,
2150,0.61,0.16,,
2151,0.78,0.16,,
2152,0.94,0.16,,
2153,0.97,0.16,,
2154,0.94,0.16,,
2155,0.95,0.16,,
2156,0.86,0.16,,
2157,0.92,0.16,,
2158,0.34,0.16,,
2159,2.87,0.16,,
2160,3.9,0.16,,
2161,3.44,0.16,,
2162,4.3,0.16,,
2163,4.3,0.16,,
2164,4.4,0.16,,
2165,4.51,0.16,,
2166,4.2,0.16,,
2167,5.14,0.15,,
2168,5,0.15,,
2169,4.3,0.15,,
2170,0,0.15,,
2171,0.38,0.15,,
2172,0.42,0.15,,
2173,0.37,0.15,,
2174,0.35,0.15,,
2175,0.35,0.15,,
2176,0.35,0.15,,
2177,0.34,0.15,,
2178,0.32,0.15,,
2179,0.27,0.15,,
2180,0.34,0.15,,
2181,0.29,0.15,,
2182,0,0.15,,
2183,0,0.15,,
2184,0.11,0.15,,
2185,0.11,0.15,,
2186,0.11,0.15,,
2187,0.07,0.15,,
2188,0.08,0.15,,
2189,0.08,0.15,,
2190,0.08,0.15,,
2191,0.08,0.15,,
2192,0.09,0.15,,
2193,0.09,0.15,,
2194,0.09,0.15,,
2195,0,0.15,,
2196,0,0.15,,
2197,0,0.15,,
2198,0,0.15,,
2199,0,0.15,,
2200,0,0.15,,
2201,0,0.14,,
2202,0,0.14,,
2203,0,0.14,,
2204,0,0.14,,
2205,0,0.14,,
2206,0,0.14,,
2207,0,0.14,,
2208,0.16,0.14,,
2209,0.46,0.14,,
2210,0.47,0.14,,
2211,0.44,0.14,,
2212,0.62,0.14,,
2213,0.65,0.14,,
2214,0.65,0.14,,
2215,0.63,0.14,,
2216,0.66,0.14,,
2217,0.68,0.14,,
2218,0.65,0.14,,
2219,0.76,0.14,,
2220,0.6,0.14,,
2221,0.59,0.14,,
2222,0.6,0.14,,
2223,0.33,0.14,,
2224,0,0.14,,
2225,0,0.14,,
2226,0,0.14,,
2227,0.22,0.14,,
2228,0.22,0.14,,
2229,0.32,0.14,,
2230,0.29,0.14,,
2231,0.22,0.14,,
2232,0.79,0.14,,
2233,0.93,0.14,,
2234,0.95,0.14,,
2235,0.95,0.14,,
2236,1.26,0.14,,
2237,1.31,0.13,,
2238,1.17,0.13,,
2239,1.1,0.13,,
2240,0.9,0.13,,
2241,0.61,0.13,,
2242,0.67,0.13,,
2243,0.31,0.13,,
2244,0.32,0.13,,
2245,0.26,0.13,,
2246,1.19,0.13,,
2247,0.9,0.13,,
2248,0.92,0.13,,
2249,0.94,0.13,,
2250,0.73,0.13,,
2251,0.79,0.13,,
2252,1.06,0.13,,
2253,1.07,0.13,,
2254,1.1,0.13,,
2255,1.12,0.13,,
2256,1.36,0.13,,
2257,1.19,0.13,,
2258,1.69,0.13,,
2259,1.71,0.13,,
2260,1.64,0.13,,
2261,2.07,0.13,,
2262,2.1,0.13,,
2263,2.25,0.13,,
2264,2.03,0.13,,
2265,2,0.13,,
2266,2.03,0.13,,
2267,2.04,0.13,,
2268,0.71,0.13,,
2269,0,0.13,,
2270,0,0.13,,
2271,0,0.13,,
2272,0,0.13,,
2273,0,0.13,,
2274,0,0.13,,
2275,0.3,0.13,,
2276,0.31,0.13,,
2277,0.31,0.12,,
2278,0.33,0.12,,
2279,0.35,0.12,,
2280,0.54,0.12,,
2281,0.52,0.12,,
2282,0.52,0.12,,
2283,0.63,0.12,,
2284,0.61,0.12,,
2285,0.71,0.12,,
2286,0.49,0.12,,
2287,0.34,0.12,,
2288,0.26,0.12,,
2289,0.25,0.12,,
2290,0.25,0.12,,
2291,0,0.12,,
2292,0.18,0.12,,
2293,0.18,0.12,,
2294,0.18,0.12,,
2295,0.14,0.12,,
2296,0.15,0.12,,
2297,0.14,0.12,,
2298,0.16,0.12,,
2299,0.18,0.12,,
2300,0.18,0.12,,
2301,0.56,0.12,,
2302,0.57,0.12,,
2303,0.8,0.12,,
2304,0.8,0.12,,
2305,0.8,0.12,,
2306,1.66,0.12,,
2307,1.3,0.12,,
2308,1.09,0.12,,
2309,1.09,0.12,,
2310,1.09,0.12,,
2311,1.09,0.12,,
2312,0,0.12,,
2313,0,0.12,,
2314,0.98,0.12,,
2315,0.96,0.12,,
2316,0.92,0.12,,
2317,0.92,0.12,,
2318,1.03,0.12,,
2319,1.51,0.11,,
2320,2.3,0.11,,
2321,2.25,0.11,,
2322,2.64,0.11,,
2323,2.51,0.11,,
2324,2.49,0.11,,
2325,3.24,0.11,,
2326,2.72,0.11,,
2327,2.76,0.11,,
2328,2.76,0.11,,
2329,2.28,0.11,,
2330,2.27,0.11,,
2331,1,0.11,,
2332,1.01,0.11,,
2333,0.28,0.11,,
2334,0.29,0.11,,
2335,0.24,0.11,,
2336,0.12,0.11,,
2337,0,0.11,,
2338,0,0.11,,
2339,0.28,0.11,,
2340,0.28,0.11,,
2341,0.26,0.11,,
2342,1.36,0.11,,
2343,1.3,0.11,,
2344,1.3,0.11,,
2345,1.29,0.11,,
2346,1.36,0.11,,
2347,1.34,0.11,,
2348,1.35,0.11,,
2349,1.29,0.11,,
2350,1.23,0.11,,
2351,1.18,0.11,,
2352,1.23,0.11,,
2353,0,0.11,,
2354,0,0.11,,
2355,0,0.11,,
2356,0,0.11,,
2357,0,0.11,,
2358,0.33,0.11,,
2359,0.34,0.11,,
2360,0.35,0.11,,
2361,0.4,0.11,,
2362,0.48,0.11,,
2363,0.69,0.11,,
2364,0.71,0.11,,
2365,0.67,0.1,,
2366,0.69,0.1,,
2367,0.66,0.1,,
2368,0.67,0.1,,
2369,1.15,0.1,,
2370,0.84,0.1,,
2371,0.6,0.1,,
2372,0.6,0.1,,
2373,2.82,0.1,,
2374,2.52,0.1,,
2375,2.49,0.1,,
2376,2.69,0.1,,
2377,2.49,0.1,,
2378,2.73,0.1,,
2379,0.71,0.1,,
2380,0.71,0.1,,
2381,0.73,0.1,,
2382,1.3,0.1,,
2383,1.28,0.1,,
2384,0.84,0.1,,
2385,0.55,0.1,,
2386,0.55,0.1,,
2387,0.55,0.1,,
2388,0.54,0.1,,
2389,0.54,0.1,,
2390,0.71,0.1,,
2391,0.71,0.1,,
2392,0.7,0.1,,
2393,0.31,0.1,,
2394,0.31,0.1,,
2395,0.31,0.1,,
2396,0,0.1,,
2397,0,0.1,,
2398,0,0.1,,
2399,0,0.1,,
2400,0,0.1,,
2401,0.42,0.1,,
2402,0.39,0.1,,
2403,0.4,0.1,,
2404,0.33,0.1,,
2405,0.35,0.1,,
2406,1.82,0.1,,
2407,1.71,0.1,,
2408,2.28,0.1,,
2409,2.48,0.1,,
2410,2.82,0.1,,
2411,2.82,0.1,,
2412,2.53,0.1,,
2413,2.83,0.1,,
2414,2.42,0.1,,
2415,3.3,0.1,,
2416,3.21,0.09,,
2417,0,0.09,,
2418,0.2,0.09,,
2419,0.2,0.09,,
2420,0.69,0.09,,
2421,0.69,0.09,,
2422,0.67,0.09,,
2423,0.83,0.09,,
2424,0.8,0.09,,
2425,0.92,0.09,,
2426,0.78,0.09,,
2427,0.78,0.09,,
2428,0.71,0.09,,
2429,0.77,0.09,,
2430,1,0.09,,
2431,0.58,0.09,,
2432,0.57,0.09,,
2433,0.55,0.09,,
2434,0.98,0.09,,
2435,0.84,0.09,,
2436,0.9,0.09,,
2437,0.95,0.09,,
2438,0.96,0.09,,
2439,0.92,0.09,,
2440,0.86,0.09,,
2441,0.6,0.09,,
2442,0.59,0.09,,
2443,0.45,0.09,,
2444,0.44,0.09,,
2445,0,0.09,,
2446,0,0.09,,
2447,0,0.09,,
2448,0,0.09,,
2449,0,0.09,,
2450,0,0.09,,
2451,0,0.09,,
2452,0,0.09,,
2453,0,0.09,,
2454,0,0.09,,
2455,0,0.09,,
2456,0,0.09,,
2457,0,0.09,,
2458,0,0.09,,
2459,0,0.09,,
2460,0,0.09,,
2461,0,0.09,,
2462,0,0.09,,
2463,0,0.09,,
2464,0,0.09,,
2465,0.25,0.09,,
2466,0.24,0.09,,
2467,0.24,0.09,,
2468,0.25,0.09,,
2469,0.24,0.09,,
2470,0.23,0.09,,
2471,0.32,0.09,,
2472,0.37,0.09,,
2473,0.4,0.08,,
2474,0.44,0.08,,
2475,0.44,0.08,,
2476,0,0.08,,
2477,0.74,0.08,,
2478,0.74,0.08,,
2479,0.74,0.08,,
2480,0.89,0.08,,
2481,1.3,0.08,,
2482,1.3,0.08,,
2483,1.19,0.08,,
2484,1.08,0.08,,
2485,1.08,0.08,,
2486,0.77,0.08,,
2487,0.77,0.08,,
2488,0.29,0.08,,
2489,0.25,0.08,,
2490,0.25,0.08,,
2491,0.24,0.08,,
2492,0,0.08,,
2493,0.53,0.08,,
2494,1.07,0.08,,
2495,1.16,0.08,,
2496,2.01,0.08,,
2497,2.2,0.08,,
2498,2.15,0.08,,
2499,2.16,0.08,,
2500,2.19,0.08,,
2501,2.19,0.08,,
2502,2.19,0.08,,
2503,2.18,0.08,,
2504,2.14,0.08,,
2505,4.25,0.08,,
2506,3.46,0.08,,
2507,0.9,0.08,,
2508,0.9,0.08,,
2509,0.99,0.08,,
2510,0.99,0.08,,
2511,0.9,0.08,,
2512,0.9,0.08,,
2513,0,0.08,,
2514,0,0.08,,
2515,0,0.08,,
2516,0,0.08,,
2517,0,0.08,,
2518,0,0.08,,
2519,0.73,0.08,,
2520,0.73,0.08,,
2521,0.73,0.08,,
2522,0.85,0.08,,
2523,0.81,0.08,,
2524,0.73,0.08,,
2525,0.67,0.08,,
2526,0.78,0.08,,
2527,1.97,0.08,,
2528,1.85,0.08,,
2529,2.19,0.08,,
2530,1.61,0.08,,
2531,1.42,0.08,,
2532,1.42,0.08,,
2533,1.16,0.08,,
2534,1.2,0.08,,
2535,1.14,0.08,,
2536,1.18,0.07,,
2537,1.18,0.07,,
2538,2.03,0.07,,
2539,2.13,0.07,,
2540,2.17,0.07,,
2541,2.54,0.07,,
2542,2.88,0.07,,
2543,2.88,0.07,,
2544,4.33,0.07,,
2545,3.07,0.07,,
2546,3.97,0.07,,
2547,3.97,0.07,,
2548,3.97,0.07,,
2549,0,0.07,,
2550,0,0.07,,
2551,0,0.07,,
2552,0,0.07,,
2553,0.22,0.07,,
2554,0.18,0.07,,
2555,0.19,0.07,,
2556,0.26,0.07,,
2557,0.26,0.07,,
2558,0.26,0.07,,
2559,0.22,0.07,,
2560,0.22,0.07,,
2561,0.25,0.07,,
2562,0.25,0.07,,
2563,0.25,0.07,,
2564,0,0.07,,
2565,0,0.07,,
2566,0,0.07,,
2567,0,0.07,,
2568,0,0.07,,
2569,0,0.07,,
2570,0,0.07,,
2571,0,0.07,,
2572,0,0.07,,
2573,0,0.07,,
2574,0,0.07,,
2575,0.42,0.07,,
2576,0.41,0.07,,
2577,0.6,0.07,,
2578,0.67,0.07,,
2579,0.68,0.07,,
2580,0.57,0.07,,
2581,0.57,0.07,,
2582,0.41,0.07,,
2583,0.53,0.07,,
2584,0.51,0.07,,
2585,0.51,0.07,,
2586,0.27,0.07,,
2587,0.26,0.07,,
2588,0,0.07,,
2589,0,0.07,,
2590,0,0.07,,
2591,0,0.07,,
2592,0,0.07,,
2593,0,0.07,,
2594,0,0.07,,
2595,0,0.07,,
2596,0,0.07,,
2597,0,0.07,,
2598,1.69,0.07,,
2599,0.71,0.07,,
2600,0.71,0.07,,
2601,0.71,0.07,,
2602,0.71,0.07,,
2603,0.7,0.07,,
2604,0.68,0.07,,
2605,0.69,0.07,,
2606,0.71,0.07,,
2607,0.71,0.07,,
2608,0.75,0.07,,
2609,0.14,0.06,,
2610,0.53,0.06,,
2611,0.53,0.06,,
2612,0.53,0.06,,
2613,0.56,0.06,,
2614,0.59,0.06,,
2615,0.73,0.06,,
2616,0.73,0.06,,
2617,0.73,0.06,,
2618,0.69,0.06,,
2619,0,0.06,,
2620,0,0.06,,
2621,0,0.06,,
2622,0,0.06,,
2623,0,0.06,,
2624,0,0.06,,
2625,0,0.06,,
2626,0,0.06,,
2627,0,0.06,,
2628,0,0.06,,
2629,0.42,0.06,,
2630,0.43,0.06,,
2631,0.35,0.06,,
2632,0.35,0.06,,
2633,0.35,0.06,,
2634,0.35,0.06,,
2635,0.37,0.06,,
2636,0.39,0.06,,
2637,0.55,0.06,,
2638,0.55,0.06,,
2639,0.55,0.06,,
2640,0.18,0.06,,
2641,0.19,0.06,,
2642,0.15,0.06,,
2643,0.15,0.06,,
2644,0.15,0.06,,
2645,0.15,0.06,,
2646,0.15,0.06,,
2647,0,0.06,,
2648,0,0.06,,
2649,0,0.06,,
2650,0,0.06,,
2651,0,0.06,,
2652,0.73,0.06,,
2653,1.84,0.06,,
2654,1.7,0.06,,
2655,1.7,0.06,,
2656,1.57,0.06,,
2657,1.57,0.06,,
2658,1.21,0.06,,
2659,1.21,0.06,,
2660,1.41,0.06,,
2661,1.58,0.06,,
2662,1.58,0.06,,
2663,3.24,0.06,,
2664,2.29,0.06,,
2665,1.53,0.06,,
2666,1.31,0.06,,
2667,1.38,0.06,,
2668,1.02,0.06,,
2669,1.16,0.06,,
2670,1.12,0.06,,
2671,1.1,0.06,,
2672,0.56,0.06,,
2673,0.53,0.06,,
2674,0.1,0.06,,
2675,0.26,0.06,,
2676,0.29,0.06,,
2677,0.3,0.06,,
2678,0.3,0.06,,
2679,0.26,0.06,,
2680,0.11,0.06,,
2681,0.11,0.06,,
2682,0.11,0.06,,
2683,0.15,0.06,,
2684,0.15,0.06,,
2685,0.15,0.06,,
2686,0,0.06,,
2687,0,0.06,,
2688,0,0.06,,
2689,0,0.06,,
2690,0,0.06,,
2691,2.25,0.06,,
2692,2.25,0.06,,
2693,1.86,0.06,,
2694,1.86,0.05,,
2695,1.09,0.05,,
2696,1.09,0.05,,
2697,1.09,0.05,,
2698,0.83,0.05,,
2699,0.83,0.05,,
2700,0.82,0.05,,
2701,0.89,0.05,,
2702,0.64,0.05,,
2703,0.55,0.05,,
2704,0.57,0.05,,
2705,0.57,0.05,,
2706,0.58,0.05,,
2707,0.58,0.05,,
2708,0.61,0.05,,
2709,0.99,0.05,,
2710,0.96,0.05,,
2711,0.91,0.05,,
2712,0.94,0.05,,
2713,0.22,0.05,,
2714,1.03,0.05,,
2715,0.56,0.05,,
2716,0.56,0.05,,
2717,0.55,0.05,,
2718,0.46,0.05,,
2719,0.32,0.05,,
2720,0.32,0.05,,
2721,0.32,0.05,,
2722,0.32,0.05,,
2723,0.32,0.05,,
2724,0.44,0.05,,
2725,0,0.05,,
2726,0,0.05,,
2727,0,0.05,,
2728,0,0.05,,
2729,0,0.05,,
2730,0,0.05,,
2731,0,0.05,,
2732,0,0.05,,
2733,0.32,0.05,,
2734,0.31,0.05,,
2735,0.24,0.05,,
2736,0.24,0.05,,
2737,0.21,0.05,,
2738,0.24,0.05,,
2739,0.24,0.05,,
2740,0.24,0.05,,
2741,0.18,0.05,,
2742,0.16,0.05,,
2743,0.16,0.05,,
2744,0,0.05,,
2745,0,0.05,,
2746,0,0.05,,
2747,0,0.05,,
2748,0,0.05,,
2749,0.24,0.05,,
2750,0.24,0.05,,
2751,0.28,0.05,,
2752,0.37,0.05,,
2753,0.43,0.05,,
2754,0.42,0.05,,
2755,0.45,0.05,,
2756,0.44,0.05,,
2757,0.46,0.05,,
2758,1.06,0.05,,
2759,0.66,0.05,,
2760,0.27,0.05,,
2761,0.24,0.05,,
2762,0.17,0.05,,
2763,0,0.05,,
2764,0,0.05,,
2765,0,0.05,,
2766,0,0.05,,
2767,0,0.05,,
2768,0,0.05,,
2769,0,0.05,,
2770,0,0.05,,
2771,0,0.05,,
2772,0.39,0.05,,
2773,0.38,0.05,,
2774,0.39,0.05,,
2775,0.77,0.05,,
2776,0.92,0.05,,
2777,0.92,0.05,,
2778,1.1,0.05,,
2779,1.1,0.05,,
2780,1.1,0.05,,
2781,1.13,0.05,,
2782,1.13,0.05,,
2783,1.47,0.05,,
2784,1.62,0.05,,
2785,1.65,0.05,,
2786,1.76,0.05,,
2787,1.63,0.05,,
2788,1.63,0.05,,
2789,1.59,0.05,,
2790,1.06,0.05,,
2791,1.01,0.05,,
2792,0.74,0.05,,
2793,0.67,0.05,,
2794,0.58,0.05,,
2795,0,0.05,,
2796,0,0.04,,
2797,0,0.04,,
2798,0,0.04,,
2799,2.28,0.04,,
2800,2.23,0.04,,
2801,2.42,0.04,,
2802,2.42,0.04,,
2803,2.28,0.04,,
2804,1.3,0.04,,
2805,1.34,0.04,,
2806,1.32,0.04,,
2807,1.04,0.04,,
2808,1.34,0.04,,
2809,1.32,0.04,,
2810,0.54,0.04,,
2811,0.55,0.04,,
2812,0.55,0.04,,
2813,0.55,0.04,,
2814,1.12,0.04,,
2815,1.81,0.04,,
2816,1.81,0.04,,
2817,1.86,0.04,,
2818,2.99,0.04,,
2819,3.04,0.04,,
2820,3.53,0.04,,
2821,7.14,0.04,,
2822,7.14,0.04,,
2823,7.14,0.04,,
2824,7.14,0.04,,
2825,0,0.04,,
2826,0,0.04,,
2827,0,0.04,,
2828,0,0.04,,
2829,0,0.04,,
2830,0,0.04,,
2831,0,0.04,,
2832,0,0.04,,
2833,0,0.04,,
2834,0,0.04,,
2835,0,0.04,,
2836,0,0.04,,
2837,0,0.04,,
2838,0,0.04,,
2839,0,0.04,,
2840,0,0.04,,
2841,0,0.04,,
2842,0,0.04,,
2843,0,0.04,,
2844,0,0.04,,
2845,0,0.04,,
2846,0,0.04,,
2847,0,0.04,,
2848,0,0.04,,
2849,0,0.04,,
2850,0,0.04,,
2851,0,0.04,,
2852,0,0.04,,
2853,0,0.04,,
2854,0,0.04,,
2855,0,0.04,,
2856,0,0.04,,
2857,0,0.04,,
2858,0,0.04,,
2859,0.11,0.04,,
2860,0.15,0.04,,
2861,0.15,0.04,,
2862,0.15,0.04,,
2863,0.21,0.04,,
2864,0.16,0.04,,
2865,0.24,0.04,,
2866,0.24,0.04,,
2867,0.22,0.04,,
2868,0.22,0.04,,
2869,0.25,0.04,,
2870,0.09,0.04,,
2871,0.27,0.04,,
2872,0.15,0.04,,
2873,0.26,0.04,,
2874,0.26,0.04,,
2875,0.3,0.04,,
2876,0.3,0.04,,
2877,0.3,0.04,,
2878,0.31,0.04,,
2879,0.31,0.04,,
2880,0.31,0.04,,
2881,0.39,0.04,,
2882,0.32,0.04,,
2883,0.52,0.04,,
2884,0.27,0.04,,
2885,0.27,0.04,,
2886,0.27,0.04,,
2887,0.28,0.04,,
2888,0.32,0.04,,
2889,0.32,0.04,,
2890,0.32,0.04,,
2891,0.31,0.04,,
2892,0.21,0.04,,
2893,0,0.04,,
2894,0,0.04,,
2895,0,0.04,,
2896,0,0.04,,
2897,0,0.04,,
2898,0,0.04,,
2899,0,0.04,,
2900,0,0.04,,
2901,0,0.04,,
2902,0,0.04,,
2903,0,0.04,,
2904,0,0.04,,
2905,0,0.04,,
2906,0.25,0.04,,
2907,0.15,0.04,,
2908,0.14,0.04,,
2909,0.1,0.04,,
2910,0.1,0.04,,
2911,0.1,0.04,,
2912,0.1,0.04,,
2913,0.13,0.04,,
2914,0.12,0.04,,
2915,0.12,0.04,,
2916,0.12,0.04,,
2917,1.65,0.04,,
2918,2.35,0.04,,
2919,2.39,0.04,,
2920,4.3,0.04,,
2921,4.3,0.04,,
2922,3.27,0.04,,
2923,3.2,0.04,,
2924,3.14,0.03,,
2925,2.93,0.03,,
2926,2.93,0.03,,
2927,3.02,0.03,,
2928,1.02,0.03,,
2929,1.15,0.03,,
2930,1.11,0.03,,
2931,0.9,0.03,,
2932,0.9,0.03,,
2933,0.87,0.03,,
2934,0.89,0.03,,
2935,0.9,0.03,,
2936,0.42,0.03,,
2937,0.39,0.03,,
2938,0.39,0.03,,
2939,0.34,0.03,,
2940,0.35,0.03,,
2941,0.35,0.03,,
2942,0.38,0.03,,
2943,0.31,0.03,,
2944,0.23,0.03,,
2945,0.23,0.03,,
2946,0.23,0.03,,
2947,0.53,0.03,,
2948,0.64,0.03,,
2949,0.64,0.03,,
2950,0.79,0.03,,
2951,0.99,0.03,,
2952,0.93,0.03,,
2953,0.91,0.03,,
2954,1.19,0.03,,
2955,1.23,0.03,,
2956,1.33,0.03,,
2957,1.33,0.03,,
2958,0,0.03,,
2959,0,0.03,,
2960,0,0.03,,
2961,0,0.03,,
2962,0,0.03,,
2963,0,0.03,,
2964,0,0.03,,
2965,0,0.03,,
2966,0.45,0.03,,
2967,0.43,0.03,,
2968,0.41,0.03,,
2969,0.28,0.03,,
2970,0.31,0.03,,
2971,0.24,0.03,,
2972,0.17,0.03,,
2973,0.17,0.03,,
2974,0.17,0.03,,
2975,0.17,0.03,,
2976,0.17,0.03,,
2977,0,0.03,,
2978,0,0.03,,
2979,0,0.03,,
2980,0.49,0.03,,
2981,0.49,0.03,,
2982,0.7,0.03,,
2983,6.5,0.03,,
2984,6.5,0.03,,
2985,6.5,0.03,,
2986,5.57,0.03,,
2987,2.79,0.03,,
2988,2.79,0.03,,
2989,2.79,0.03,,
2990,2.79,0.03,,
2991,0,0.03,,
2992,0,0.03,,
2993,0,0.03,,
2994,0,0.03,,
2995,0,0.03,,
2996,0,0.03,,
2997,0,0.03,,
2998,0,0.03,,
2999,0,0.03,,
